,Life_expectancy
2026,76.1
651,75.7
2225,72.8
2357,76.6
670,50.6
1041,78.1
1241,76.0
2472,73.3
2292,78.6
461,78.0
944,77.7
157,74.3
1740,78.6
1525,69.0
1611,58.5
238,79.5
2028,70.9
1710,59.1
1797,73.4
100,59.3
315,54.1
2487,74.7
838,75.0
2394,46.1
1576,79.0
261,51.7
1717,71.6
2594,61.0
2104,65.4
1146,72.3
179,60.7
1912,70.4
916,72.2
2407,78.6
1057,62.8
1105,61.5
480,70.6
2786,72.3
2377,52.2
1866,73.3
1018,74.1
874,62.7
2306,55.4
1951,74.8
1044,78.7
2643,76.5
1738,69.8
2011,69.6
803,65.7
247,68.2
2042,51.6
1934,67.6
347,66.8
2234,50.9
2012,73.5
2172,67.4
1684,59.1
2506,81.6
1656,78.0
1553,75.8
2018,73.6
445,45.2
617,64.3
1106,81.5
1641,82.0
2416,80.1
990,75.6
1426,60.3
2436,60.6
547,58.6
1610,75.2
263,74.5
1133,65.2
2392,82.3
353,68.2
208,71.4
858,69.4
748,74.0
2144,64.1
1591,50.6
2376,71.3
57,76.1
862,65.4
2090,55.0
561,51.1
229,77.5
1565,81.5
1272,74.3
781,65.1
929,75.2
1048,55.1
1765,60.7
1864,75.2
424,67.8
69,74.6
1688,77.1
1477,73.0
1532,57.9
1922,71.8
1373,71.4
620,83.1
746,75.9
1756,77.9
1867,44.5
829,57.7
1073,50.2
2465,72.2
1746,79.7
1860,67.8
279,81.1
764,74.5
729,70.7
1914,69.9
1739,46.2
1927,59.8
1754,69.6
596,71.1
2183,48.5
2033,68.7
2596,78.5
440,81.0
508,46.2
76,76.2
1732,74.7
649,53.4
522,75.4
1357,62.1
845,76.9
1364,71.6
842,73.6
1405,74.1
1948,73.3
1502,64.8
630,81.2
1898,66.6
1377,54.9
761,74.8
482,60.7
2136,64.8
1189,70.4
2447,65.4
945,82.9
438,81.4
1544,82.7
1407,75.4
1804,49.6
166,74.5
59,73.1
611,73.1
530,76.3
1551,52.1
49,72.6
1351,77.9
811,73.5
2700,77.2
48,70.0
719,70.4
2241,75.6
1432,72.6
2439,73.2
2711,73.6
632,60.3
1886,80.5
1010,66.6
2286,72.3
25,73.5
1226,66.7
2091,74.4
276,68.0
2057,48.1
789,57.1
2037,75.9
361,57.9
1089,65.5
1651,68.9
1518,68.9
2226,72.0
2444,49.9
1706,66.1
2510,62.1
297,72.2
1849,73.9
240,71.2
2308,66.2
582,66.7
1047,67.9
1374,55.1
1264,75.7
2330,68.4
350,66.3
2622,72.8
2186,79.2
349,47.8
2372,55.4
1128,79.5
859,59.7
867,56.1
2381,74.1
657,44.4
1743,71.0
2721,73.1
1124,46.8
2356,78.7
2451,73.7
1720,80.6
976,72.6
2370,79.3
1084,70.6
538,69.0
2863,82.4
1762,78.6
2671,51.1
2270,79.0
786,69.9
2571,75.2
2328,79.0
788,76.9
2828,73.8
1100,78.6
1831,76.7
714,71.4
1195,57.2
1593,79.7
123,73.0
2275,63.7
2797,80.6
618,70.5
406,61.3
2170,80.5
1210,74.1
1452,74.5
497,73.0
2835,61.4
342,65.4
2161,78.9
782,73.3
2259,53.7
299,79.8
964,76.6
2692,65.9
998,58.3
949,54.4
1941,65.6
1562,59.7
220,61.4
1712,72.0
856,73.1
449,78.9
1618,66.1
2832,76.4
1945,80.7
84,83.2
2174,58.5
2534,53.8
621,76.0
266,73.8
1001,73.0
290,72.2
1486,52.7
1626,66.7
1448,50.3
416,74.9
472,56.1
1094,75.5
2190,61.8
2380,70.2
1488,73.7
2362,76.3
2774,51.5
654,50.9
1993,80.4
1960,71.4
1173,80.8
821,56.1
343,74.7
2629,74.7
2855,78.0
1269,69.2
1966,46.6
278,79.1
1345,72.0
1475,50.3
1537,73.7
1741,63.1
18,81.9
613,66.3
643,78.5
1613,82.9
2771,62.9
1032,82.3
2805,57.5
2701,76.3
2086,64.9
1071,71.9
1134,52.7
1569,72.5
1784,76.9
2229,72.6
2811,76.7
1957,79.6
680,69.9
952,58.3
1965,73.9
1798,79.3
2345,76.6
219,71.2
601,61.4
1000,61.9
2378,70.4
303,72.2
52,81.0
2034,51.6
2460,64.7
2013,64.7
2744,73.3
1135,79.2
1429,72.8
344,72.0
839,64.9
1547,69.1
2208,80.8
1557,74.0
2860,66.9
647,76.1
2517,53.6
1940,59.3
2775,76.0
1265,70.1
1455,69.2
1375,75.6
1465,69.5
2743,69.0
192,76.2
801,74.5
174,48.3
85,74.5
1330,69.6
1902,72.3
2269,71.8
351,62.5
668,76.3
1911,63.9
128,59.5
340,69.7
7,71.2
1924,73.4
891,80.0
2668,72.3
1309,69.0
307,76.4
812,54.9
637,66.7
383,50.6
2770,71.9
2414,72.8
2653,80.5
2579,74.0
1014,79.1
177,62.3
426,59.6
494,53.4
183,77.1
1116,78.8
2334,81.8
184,77.0
961,76.8
1239,73.7
2323,71.2
2134,72.1
810,77.8
1463,82.1
1491,81.9
1624,58.5
2092,56.0
1594,75.4
489,68.3
1506,73.6
1174,74.3
690,59.9
2585,65.8
1036,71.0
1628,63.9
756,67.2
2715,70.9
1932,76.3
1697,69.9
118,79.4
2608,78.4
2103,76.1
281,67.7
2508,59.6
1037,73.8
2227,71.2
2672,59.9
1337,63.1
881,80.2
1178,73.6
2360,54.2
1149,74.1
1462,62.5
2023,59.5
718,58.6
366,72.1
2546,80.0
2296,57.8
555,72.6
2222,77.9
1450,81.7
304,73.9
1677,76.8
203,73.3
1237,66.6
932,69.8
2131,54.8
120,60.8
283,70.4
979,64.3
1614,77.8
575,68.9
2718,75.1
2195,75.0
2505,65.0
1847,79.7
2398,69.9
275,72.0
2862,71.8
256,74.4
360,60.7
1766,60.7
1883,52.2
1543,71.8
604,67.4
969,72.1
2133,67.0
1973,83.2
629,53.6
1650,65.9
2126,82.5
1397,57.7
286,72.4
1778,70.0
2107,59.9
300,53.1
1561,71.8
1349,70.8
1231,52.9
423,72.0
2209,70.2
1818,73.9
2067,68.8
162,45.5
65,66.3
2115,81.5
890,69.6
1997,69.7
2203,64.5
230,75.0
503,67.3
1213,70.3
1623,79.8
1564,69.2
2502,70.4
1004,73.8
836,72.9
1406,45.1
374,71.2
1322,79.6
1992,60.2
1622,71.3
2859,49.9
1920,78.4
751,66.1
99,75.0
1567,62.9
866,82.7
2004,72.0
1204,75.4
529,82.6
636,59.9
185,49.8
1078,73.0
1283,52.4
931,50.7
1259,77.6
2187,68.7
1273,77.4
1817,73.1
607,64.0
1616,66.4
151,76.3
2670,70.2
2040,78.7
731,70.8
1220,78.7
1517,45.8
2606,75.7
23,63.8
1509,79.1
158,72.2
861,62.1
902,63.5
1873,69.3
2148,55.1
444,80.4
2808,78.1
1877,52.0
923,61.1
2080,82.7
311,58.3
548,65.7
1770,74.3
2756,72.9
306,62.2
287,56.8
694,75.0
308,75.2
2212,59.9
749,82.2
1127,74.5
908,66.8
1709,61.7
2272,81.1
1360,45.4
2383,46.5
970,62.7
13,68.3
873,81.1
808,75.4
514,74.7
2304,76.2
409,74.3
2309,48.8
2154,51.4
1192,55.6
1113,69.8
1497,79.0
1295,72.1
382,73.4
1880,74.5
2087,68.4
2348,60.9
1235,76.3
552,73.8
222,71.5
1096,61.2
2482,60.8
8,71.9
1842,74.7
316,81.4
427,80.7
1216,71.2
105,67.5
1261,76.5
2003,70.8
121,55.4
2035,60.5
2737,70.5
1728,51.2
2484,66.6
1446,80.1
115,75.2
2694,53.8
1211,60.4
2816,70.9
2673,78.4
2817,73.5
1456,57.0
2424,75.2
672,66.1
1307,60.5
1829,69.1
591,78.1
1642,77.9
888,70.8
1592,75.0
2177,68.6
2851,50.1
213,69.8
1825,75.0
2848,76.8
800,75.6
2369,62.0
2329,72.6
2175,44.2
2541,54.1
2588,52.5
273,81.2
71,78.7
1795,53.4
1087,53.6
394,59.6
583,79.4
1793,60.1
1801,77.6
500,74.6
1832,52.8
2118,71.7
2845,73.6
2617,59.9
1505,79.7
1582,74.4
205,53.7
733,81.1
1385,74.9
526,75.3
1253,55.1
898,53.1
377,65.7
1985,44.2
2559,46.3
1987,59.9
386,74.4
198,66.3
1050,61.0
590,75.1
519,63.6
2288,53.0
429,76.2
1083,58.2
207,75.5
491,73.8
2782,75.8
792,67.9
2853,58.8
1186,60.2
1185,78.6
1598,72.3
1222,42.9
83,52.7
2261,75.3
2121,70.1
20,61.4
1263,71.9
1423,80.2
1764,48.9
2570,60.1
1763,75.2
973,82.2
2665,52.2
883,81.3
1098,56.6
1916,75.1
2858,72.6
886,72.0
1451,68.1
2367,76.1
1366,77.0
2421,68.6
2499,74.5
2528,54.3
458,55.7
1721,73.7
78,53.3
2784,73.8
1056,72.8
906,77.3
1820,80.7
2110,72.2
2573,79.0
380,81.0
2387,75.2
1783,58.1
715,69.6
1742,70.7
686,69.5
2799,67.0
305,80.8
209,64.2
1355,74.9
2116,72.1
2841,47.3
2632,69.1
885,79.8
1487,74.9
2708,75.9
1513,57.9
1508,71.2
191,76.2
1587,77.3
483,67.8
915,78.4
2483,62.9
277,67.1
988,78.8
2614,73.0
1723,80.7
2078,79.6
571,71.2
993,76.4
2127,78.6
1869,72.8
585,75.4
1435,65.5
2857,68.9
2635,74.9
674,75.4
1538,75.1
855,54.8
447,79.4
1468,54.9
2083,80.3
1474,60.5
2153,61.6
2552,58.4
2567,51.4
1560,73.9
2548,74.9
1247,64.2
294,68.7
588,75.7
1281,74.7
1299,79.1
2215,72.8
1302,76.9
2147,69.9
425,75.0
534,80.3
1054,75.6
2024,72.7
2619,57.4
1615,63.7
132,72.7
1670,55.6
1659,74.3
1947,79.6
2537,72.9
1844,63.8
1437,66.7
556,75.0
1859,62.7
1356,57.4
2810,73.1
570,74.7
352,76.6
91,81.8
2014,70.4
2420,73.0
1170,68.3
1359,69.2
1285,79.1
2102,49.5
1340,81.0
1321,72.6
697,49.1
2395,80.4
348,64.4
1425,57.4
2238,75.3
2824,71.1
1137,72.2
1691,80.0
1326,81.2
2712,82.3
2696,75.5
2379,59.5
453,69.0
913,74.7
1199,75.5
1274,50.1
2763,70.0
37,64.2
974,54.2
2647,75.4
983,65.8
1640,73.3
2426,49.9
2184,55.6
39,64.3
1621,69.1
169,48.5
737,52.6
2335,76.2
2576,53.4
1726,71.8
634,68.3
2527,73.6
1747,70.5
1290,72.8
579,75.9
2008,78.4
2683,75.1
892,71.2
2280,71.3
780,62.1
159,73.6
1411,82.4
2836,60.1
2216,71.7
61,71.1
849,72.3
2022,80.9
2762,77.5
1043,73.3
2630,67.8
2773,69.4
1476,73.9
1070,77.7
53,76.0
2025,73.3
505,79.4
752,50.4
2564,62.4
1904,77.4
1814,75.1
1572,48.7
2861,74.3
2167,52.3
1266,62.0
2355,76.9
1850,61.4
771,58.9
2678,43.8
1980,68.6
2562,66.4
1085,68.6
1563,70.1
1399,76.8
1325,69.7
2010,49.3
1558,70.3
1498,74.2
2073,45.6
2580,75.1
1559,63.5
1163,78.8
963,58.9
2772,57.8
1510,62.6
398,75.1
584,64.7
948,71.2
704,65.7
431,79.8
292,74.6
145,78.0
2591,73.2
1990,74.6
1165,69.7
2,65.4
576,52.8
2192,79.2
339,75.3
2251,80.4
1736,69.3
925,74.5
265,80.4
376,44.1
2662,67.8
271,81.5
696,76.5
2839,58.7
244,79.8
2803,42.4
476,78.8
2333,60.2
1566,80.2
1681,81.7
1637,53.5
2822,74.2
2750,81.0
1700,68.8
250,81.4
413,67.2
545,56.4
1193,65.7
738,57.2
310,50.9
893,53.7
1131,71.2
2798,74.3
15,78.8
1775,51.2
721,57.1
1420,68.9
2514,83.1
981,80.7
2586,76.7
2417,72.9
2313,72.6
363,68.5
1815,40.4
182,59.3
985,74.5
2043,71.7
1194,63.6
1606,73.6
2766,73.6
1121,73.8
187,71.9
619,47.1
2448,59.9
1175,48.4
1896,54.7
2096,81.4
614,58.8
1466,74.6
1956,56.3
994,74.2
934,55.6
371,75.2
1750,75.0
2531,63.1
593,74.0
726,64.9
826,72.7
687,67.7
2111,64.7
136,72.6
628,51.0
334,71.7
1929,71.7
2202,43.9
1109,73.5
1578,70.3
2575,72.5
710,72.0
1039,74.8
1713,76.8
1871,73.8
1885,75.4
2634,74.1
2408,66.4
1112,67.8
465,71.9
1223,71.1
1777,82.1
2833,71.5
2240,47.4
1104,80.6
1809,81.0
338,56.6
2289,77.8
1745,51.9
2403,48.3
2412,49.4
2374,77.7
2410,64.7
816,72.4
1067,74.0
274,76.2
2813,56.9
865,79.6
101,65.5
1501,72.4
2615,50.9
2178,74.1
107,73.7
1694,79.6
1521,73.2
2852,51.8
1933,59.9
1779,79.3
1601,68.2
1786,60.3
2181,75.6
2232,62.9
1596,74.1
2642,64.5
712,69.2
72,75.9
1776,69.2
2163,76.2
2445,78.3
2755,70.5
481,72.6
2114,55.7
1530,76.4
1854,63.6
1514,75.8
2827,54.3
1490,81.0
1171,57.7
2342,80.5
1921,72.4
2112,70.5
1872,80.2
405,67.4
757,61.9
1780,74.4
2084,69.1
1882,62.7
97,66.8
1333,72.2
2281,44.0
743,59.9
806,79.4
2646,47.8
1725,79.0
2847,75.5
1535,81.0
2059,67.9
1839,77.1
148,79.2
1609,58.5
2166,74.7
1731,67.3
1876,75.4
692,67.0
818,53.6
1386,74.9
2173,70.3
2314,51.9
2347,72.1
701,63.2
2663,63.2
2535,80.3
921,68.7
1424,70.8
905,55.7
454,54.3
1936,78.7
2196,67.0
1607,73.8
167,47.7
730,58.7
2058,56.0
1310,56.0
26,66.2
2529,51.7
2639,74.1
1833,72.0
997,65.0
1176,79.2
1040,75.4
33,73.7
2710,65.0
2260,74.0
1379,80.7
41,56.2
1690,74.0
2757,67.4
2679,72.7
2644,80.5
1644,77.0
609,46.8
1132,82.9
28,72.8
441,73.8
1769,79.7
2060,66.7
493,73.1
1258,68.3
1301,80.1
2257,58.6
1382,74.5
1304,49.6
236,80.7
551,71.9
520,64.5
2113,63.1
1232,78.6
1138,71.1
720,74.1
735,71.1
2725,60.4
58,65.8
631,52.3
1181,56.1
2099,67.6
592,75.7
1303,64.9
1387,72.0
2498,66.5
2645,81.3
2723,76.0
939,57.2
2664,73.9
1249,77.8
904,61.6
1279,78.3
2446,74.0
2749,51.9
2020,72.6
2279,70.8
1858,78.3
1142,69.7
2273,61.7
706,79.6
2522,57.2
1022,51.8
745,82.2
1546,70.9
2249,79.1
1862,69.4
513,73.0
81,73.8
2540,70.1
1308,71.3
2384,66.5
914,76.0
1404,73.9
1647,73.4
2637,51.3
1108,49.4
150,69.3
774,71.4
329,70.2
6,71.2
943,80.2
822,53.6
734,62.9
909,73.1
468,80.8
181,73.1
164,52.1
1925,70.6
451,70.8
490,73.1
1874,55.9
1143,52.1
1311,73.2
2137,82.6
1111,78.5
2728,66.1
1441,61.6
1718,78.4
1938,72.1
1627,68.4
1632,74.8
1074,67.8
2650,67.1
2467,73.1
2702,75.9
2159,61.8
2194,81.3
327,70.3
442,62.3
2427,79.3
2097,56.4
832,74.1
2266,60.7
1978,56.3
1414,46.2
1201,56.9
1499,63.6
1716,72.9
86,54.6
1403,73.4
2796,78.3
1481,80.2
777,62.6
1950,79.4
1666,78.4
54,75.8
2254,75.4
1287,59.6
1667,64.7
2470,70.8
2054,55.9
1701,61.9
1245,53.9
113,75.6
2682,78.8
987,72.4
501,74.6
2052,75.9
1009,70.0
1198,63.5
1394,81.7
589,54.9
768,77.0
17,60.7
1042,62.9
1447,52.1
2492,64.0
285,60.8
2519,69.9
428,69.1
1328,59.7
2438,67.7
669,71.6
31,82.2
1341,51.0
722,64.5
951,67.7
2185,80.6
214,63.3
989,70.8
1164,62.1
326,78.2
560,72.5
1383,81.2
1724,68.2
1086,71.7
2223,60.2
341,52.3
1653,50.4
147,45.1
2231,73.9
2303,74.4
1107,50.6
848,44.0
966,72.9
1072,59.5
2353,72.2
155,44.1
665,79.3
661,69.4
1002,77.6
2233,69.4
2404,72.1
176,76.9
2533,75.0
1524,49.3
2713,71.9
1203,74.2
24,71.9
2686,72.4
2530,72.1
1928,52.0
2620,76.1
875,75.4
2720,66.4
938,63.7
2574,51.5
1552,68.8
346,67.4
2396,74.1
2838,79.2
2463,70.7
385,71.9
2818,50.5
2397,74.0
2093,70.6
243,72.0
2247,74.5
936,72.9
1689,68.7
2464,72.7
312,58.8
1459,65.5
2795,74.0
1988,67.5
1332,68.7
968,78.6
1454,78.7
660,81.1
935,74.6
370,71.9
566,72.6
1024,76.1
824,53.7
982,72.7
2318,75.5
2030,78.2
1645,75.0
2466,75.5
2140,70.6
2009,67.2
813,75.2
1792,56.5
1430,77.5
778,56.9
1749,50.5
1320,68.0
1983,80.7
2742,71.1
1052,71.5
2213,75.1
1013,80.5
1401,68.7
1822,71.9
2157,65.3
2382,66.0
2475,78.3
126,76.5
2031,74.8
887,61.2
2346,58.2
1347,75.3
1007,73.0
355,57.1
1003,64.0
1483,46.2
682,77.9
827,72.2
1995,79.4
2727,75.5
2019,71.7
984,66.1
1233,56.5
2437,66.4
2155,77.6
140,51.2
217,68.2
2354,49.1
362,71.9
2543,74.9
345,78.3
2526,73.8
22,53.8
711,51.4
1157,57.4
1915,76.9
871,57.8
1900,60.2
1907,63.3
10,74.2
2307,71.9
2716,69.5
2699,77.9
1834,73.9
793,47.5
1315,78.4
754,81.7
626,78.0
94,51.3
1910,73.1
129,79.5
1708,68.6
843,78.0
323,73.0
2479,73.2
1889,72.0
1284,81.7
1671,78.6
2776,74.9
14,81.5
2228,60.9
947,59.0
215,78.0
227,72.0
2287,67.7
1182,79.9
805,72.7
2045,53.0
864,47.5
1865,75.8
1658,77.1
516,81.4
1545,65.3
1857,70.4
597,74.8
195,50.6
1277,75.1
288,71.0
950,71.9
2691,72.7
2443,78.6
2729,77.2
1120,57.4
2053,73.6
549,52.2
156,68.0
419,58.6
922,80.1
2095,81.1
477,60.1
2077,73.5
1692,59.7
2108,75.1
2830,59.4
1523,76.7
1471,80.5
553,70.5
1202,66.0
390,77.8
578,54.0
1669,68.5
2651,67.5
2098,73.2
2597,81.6
1639,78.0
820,52.8
2739,70.1
1006,69.3
1248,72.1
144,72.8
664,62.1
2539,80.0
142,64.2
2496,77.6
1046,63.4
1888,72.0
421,43.1
1660,65.8
1714,71.7
799,64.0
2276,67.3
615,74.1
1318,73.9
1977,72.6
295,66.7
401,59.0
88,50.0
2349,80.5
1772,57.1
2820,72.6
131,66.0
573,69.2
2046,74.7
77,60.9
1402,54.5
2358,66.1
2565,63.1
1188,81.2
724,62.0
1314,71.8
2245,52.2
1851,61.4
269,71.1
2188,67.5
2375,63.6
2779,68.6
2754,70.9
1372,59.0
1855,69.4
2486,61.6
917,75.3
1343,60.8
1319,71.5
2456,79.9
2745,71.7
587,64.5
1953,79.5
2071,70.2
2854,67.0
375,50.9
1908,75.4
333,57.0
2547,73.9
2386,71.1
1979,52.3
2689,69.2
1604,52.2
1840,72.5
1118,73.0
2610,61.9
1442,78.5
2032,64.1
1943,57.3
910,73.0
2350,75.3
776,77.1
2521,80.1
328,74.9
2409,66.5
1342,69.8
320,71.7
1619,73.3
1665,57.8
2337,78.0
12,72.3
897,73.1
171,44.6
1673,74.4
1942,55.7
260,72.6
2246,71.9
689,48.3
901,49.9
2603,66.0
258,79.3
844,79.6
1891,68.8
2638,72.3
138,74.3
1917,63.1
1828,78.9
1573,75.9
319,44.6
653,80.9
2263,73.6
0,76.5
558,69.3
139,71.2
112,75.1
531,72.1
224,56.6
723,70.1
2319,69.6
2658,76.7
2751,50.2
1433,68.3
325,64.3
2221,77.3
1458,60.1
2578,80.7
846,78.9
193,57.1
1464,56.8
946,72.1
2021,74.4
1629,69.5
117,52.5
645,73.5
1870,70.6
3,67.0
74,76.9
1755,77.7
467,74.9
5,78.2
1246,76.0
919,71.5
228,78.8
1063,81.5
242,47.9
2171,71.7
1160,74.2
2402,77.7
1526,78.8
1605,80.3
2661,57.5
2219,74.2
2430,72.1
1989,53.6
2244,70.9
1975,62.3
1761,65.5
1305,81.2
1541,74.4
622,75.7
2550,71.4
1493,54.2
110,82.3
1169,66.1
232,81.4
66,71.3
2584,79.8
2072,70.6
536,78.7
125,63.2
1254,55.7
2373,74.3
1976,73.6
2351,70.7
2218,55.0
2075,65.8
484,74.4
1654,75.0
2553,74.9
2674,58.3
2297,63.3
1774,66.6
918,61.7
1646,71.5
1026,81.3
1030,52.9
882,72.1
1335,73.9
2117,75.8
364,45.5
27,57.6
473,73.2
525,81.3
725,65.4
55,72.6
638,74.7
302,80.9
2491,56.5
1276,78.2
2516,80.4
624,69.7
2055,71.1
1280,80.6
1049,64.2
336,67.9
47,81.5
106,63.9
1079,70.2
1144,57.9
2724,75.0
1836,64.4
1753,78.8
1101,78.3
1968,67.6
523,74.0
1428,51.7
2490,56.6
603,55.3
1489,55.0
2243,70.6
60,43.1
2626,70.4
671,53.9
92,61.2
666,77.1
1887,76.5
280,74.6
1719,63.4
359,74.4
899,81.6
1935,71.3
1994,55.5
2204,78.1
760,74.7
2158,68.3
2504,78.7
42,78.6
204,60.6
1473,55.0
2100,62.3
68,55.8
1875,75.9
2271,68.2
137,78.2
796,67.5
2128,44.1
758,73.5
541,53.6
1019,56.6
2180,72.1
165,68.6
248,74.6
1331,49.9
2017,79.4
446,71.6
1358,72.6
2145,75.8
1329,71.8
2780,78.7
2150,70.6
434,73.2
2122,81.9
577,69.9
2283,73.3
2618,77.3
1848,73.0
762,66.0
388,80.8
235,77.4
2488,72.9
1984,78.8
267,53.7
770,79.5
2165,72.5
437,81.6
673,76.4
249,72.5
2201,55.1
1574,74.0
2142,50.8
2081,70.7
2500,50.9
2452,82.0
2616,74.0
448,75.2
1469,49.5
716,65.8
2290,73.0
2497,71.2
2048,66.8
1901,74.6
1168,77.6
82,60.6
2315,79.8
1460,77.1
1893,51.4
1668,45.2
2000,82.8
475,57.0
517,73.9
404,47.2
384,73.2
2844,54.1
2152,75.5
1633,81.8
2732,58.0
688,78.3
1240,81.3
62,57.5
852,76.1
2628,79.4
2365,80.4
1262,75.5
223,72.4
2193,50.2
373,72.9
1824,70.9
2423,80.5
2740,57.1
2481,72.7
2561,73.3
9,68.7
1944,50.4
1838,70.6
708,82.7
255,52.9
1617,56.1
389,58.3
1581,71.3
924,68.4
2036,78.6
2295,78.1
1224,76.6
1946,74.6
739,76.5
40,82.5
868,69.1
539,78.2
2399,75.2
1371,75.1
1145,80.8
1031,59.4
372,82.2
667,74.4
357,69.7
967,59.6
1353,75.4
1035,75.7
470,67.9
1396,57.6
2503,57.4
1549,75.0
1256,56.4
2094,72.3
1555,80.2
2473,73.1
1250,75.6
1699,79.0
1252,46.3
2657,77.9
79,71.2
1172,59.3
814,71.7
1852,65.5
2220,74.8
2509,63.8
2105,68.2
133,78.1
1140,71.0
933,79.2
928,70.9
823,60.1
1531,61.2
1214,73.3
504,77.5
2831,73.5
1996,51.1
1958,74.3
1384,66.4
894,54.1
828,71.4
2790,75.8
1683,79.0
2458,77.7
2442,82.5
2401,79.1
652,81.5
172,72.4
38,72.7
2733,78.0
713,74.8
90,65.5
2823,75.0
1205,75.7
2469,71.1
1827,66.3
1155,63.4
1324,64.0
216,59.4
510,59.2
1680,67.4
499,60.7
2507,74.8
1856,72.3
1388,69.1
1519,79.9
2631,80.1
2076,63.5
1540,62.2
1217,69.9
1416,75.2
2217,81.2
2406,54.3
1676,80.8
1197,74.0
1542,81.4
953,77.9
750,80.4
234,65.3
732,81.5
2856,83.6
1156,81.0
2457,80.2
1209,80.7
1065,65.9
2156,73.6
1062,57.2
1167,71.3
1492,70.2
2819,71.0
884,78.1
143,71.0
2812,73.6
850,63.4
717,68.8
2717,55.6
264,58.7
75,82.7
395,73.1
2431,52.5
2224,73.0
2697,74.5
396,76.2
1365,67.2
2389,69.8
1903,62.9
595,78.4
2109,67.9
1296,74.9
1821,69.1
872,61.0
2781,80.2
2326,65.0
1548,70.4
36,74.5
2413,70.5
2143,73.2
2440,69.8
977,51.7
1571,53.3
1122,68.6
2239,64.9
1892,62.4
675,71.7
728,68.8
412,68.7
1516,68.1
1649,74.1
825,72.0
616,68.3
114,76.4
417,76.5
1625,70.3
2809,60.1
89,56.7
2082,53.9
753,68.5
1630,59.5
11,79.8
284,82.0
1066,63.4
1191,61.1
1440,71.4
2677,52.8
2676,82.0
2587,71.9
1568,77.5
2461,66.0
1687,75.4
851,53.1
2207,54.4
895,68.3
496,80.7
2305,75.3
1782,72.5
335,71.5
515,70.4
1348,52.1
1015,73.3
2684,76.7
1781,81.1
1785,75.0
2070,48.9
356,61.4
2726,81.1
1312,58.1
1635,71.1
550,81.0
2388,68.2
2265,71.5
1227,64.5
2595,78.4
957,72.0
1773,65.1
2141,59.1
1008,79.6
1092,81.0
2551,75.6
996,69.2
1679,67.4
153,75.1
2659,79.1
580,74.6
1470,75.8
703,76.0
1212,63.5
896,81.4
487,74.9
559,72.6
1141,54.2
1119,72.6
512,75.1
633,56.4
2468,77.6
1664,68.2
1012,73.2
1931,61.7
1150,77.1
2681,75.0
116,69.8
740,60.1
2765,43.5
1974,75.7
1081,70.9
1810,82.0
830,46.5
119,58.0
656,73.0
2609,65.1
2569,80.4
2802,77.5
635,51.4
369,65.5
268,82.1
46,81.5
991,74.0
876,59.5
773,72.6
1219,55.2
1126,51.2
4,81.7
1595,70.0
2311,51.5
1077,68.7
837,63.1
681,43.2
1715,75.3
2352,75.9
2361,74.1
2197,68.8
1148,81.8
574,77.9
50,74.7
853,75.4
1982,70.8
1823,74.5
833,72.4
1115,81.7
1166,74.3
1906,78.1
971,80.2
399,78.5
2368,77.6
19,62.9
684,52.6
35,80.0
2705,69.9
524,71.3
2455,75.0
920,74.0
1841,79.4
1890,69.4
537,80.6
1705,64.5
2801,50.6
245,82.1
784,71.0
1409,57.0
154,74.4
1686,43.4
625,54.6
2746,72.1
1346,78.3
569,72.3
1758,81.5
1816,54.7
2065,69.7
127,68.4
2843,67.0
2006,57.9
980,67.8
2840,64.1
190,62.3
1139,42.7
992,61.4
699,62.0
606,68.1
180,76.9
301,73.1
2652,82.0
1060,70.0
2769,54.4
2748,43.2
1069,50.6
2524,74.1
2205,74.0
1243,68.5
16,81.0
2846,73.6
546,67.3
658,71.0
2581,56.1
2815,72.9
1504,64.8
959,62.2
2331,57.0
797,66.3
225,60.5
2074,46.7
1799,75.5
2485,58.4
2829,51.1
2277,74.5
2085,78.1
1693,56.3
1045,76.4
469,66.1
954,63.4
2842,72.7
639,68.6
2655,72.8
1218,79.4
1158,76.5
1415,73.4
2590,68.3
1527,47.7
2791,52.4
1300,67.8
2738,70.1
1603,70.7
160,67.3
1704,70.6
956,61.4
2785,73.3
877,75.7
1919,69.5
1884,49.5
2200,66.9
98,70.7
2703,74.1
2557,81.7
253,76.0
103,69.8
1445,78.5
1443,76.9
1648,52.3
586,72.0
627,57.1
1696,48.6
2101,78.5
2199,82.2
403,63.8
1154,79.6
2255,51.2
1682,58.1
2056,76.7
2719,68.1
452,80.7
2301,64.0
1327,74.9
2049,77.4
880,59.6
2788,62.3
623,79.0
2393,53.3
2649,70.3
1787,64.5
262,63.3
1634,73.8
1438,70.9
2198,81.9
1969,59.2
2520,48.1
1802,44.2
640,78.1
2385,55.1
2598,70.2
2706,78.7
1959,69.4
488,69.9
1843,71.5
1734,75.1
146,78.8
1534,66.9
1986,73.1
1369,77.4
2450,71.9
2806,80.6
659,59.8
1794,48.6
2511,76.1
186,46.5
1147,57.8
608,72.4
2191,74.2
1930,68.9
197,49.4
2327,79.3
293,81.6
766,73.0
400,79.1
122,53.5
202,73.6
835,68.3
2294,42.7
1439,65.4
1733,73.4
1695,67.0
1707,63.7
2783,62.1
1153,70.5
1661,61.4
2432,78.5
1759,61.3
854,74.9
1589,77.0
2267,63.1
641,78.0
1,82.8
2160,74.1
698,66.4
1636,62.5
1291,60.4
2730,71.6
2489,78.4
1520,78.1
1853,59.0
1136,81.8
2768,79.1
1631,54.1
1998,73.8
663,49.9
683,75.8
1257,50.7
317,73.3
648,69.9
1434,69.5
1479,57.2
709,78.8
1282,73.4
1768,58.2
972,58.8
2675,51.7
2680,65.9
1306,79.9
1400,42.6
1408,70.7
2237,80.6
1496,51.7
2038,72.1
1529,79.9
1663,51.9
1354,51.0
2794,79.6
2814,72.4
1643,54.6
1051,81.2
795,72.6
2693,57.4
1597,70.9
2604,79.2
2625,50.8
1819,60.6
1722,78.3
1183,81.5
2572,72.6
1059,61.0
540,67.9
1678,62.2
2758,67.2
2532,74.9
1757,65.4
1923,41.4
95,74.8
1020,75.7
563,58.7
863,82.1
1484,78.0
1881,70.9
1038,66.7
206,70.1
392,60.5
870,73.0
397,75.6
2752,62.6
1028,73.2
2690,77.5
1485,70.1
2660,67.2
960,74.4
1570,82.0
1895,74.7
2731,76.1
2146,68.8
804,68.3
1751,66.3
2454,70.2
502,59.7
779,69.7
1863,64.8
200,68.6
2182,75.1
2088,81.3
2278,82.4
1796,75.1
378,66.7
2336,71.1
418,54.6
1698,58.7
391,48.1
2640,70.3
1522,80.3
1162,76.6
1495,80.4
2695,55.5
2027,69.3
1152,66.4
1367,72.7
2568,73.1
64,74.8
2062,60.5
1180,66.9
492,62.0
379,61.6
2235,53.9
763,57.2
2264,61.1
791,54.2
1076,73.9
878,54.3
337,80.9
2767,80.1
2343,57.3
1016,72.3
1275,42.5
455,59.3
815,62.5
2317,80.5
995,62.8
1981,69.9
201,79.7
161,48.5
1579,80.2
2777,63.6
2449,71.0
702,66.2
1500,70.2
1129,69.5
2613,65.8
1021,70.5
1585,75.2
1955,79.8
2253,48.8
34,63.2
775,75.6
2556,81.4
1478,65.5
1390,78.0
2139,75.0
1363,76.3
2612,82.3
2041,74.9
241,79.6
2061,74.1
2363,73.1
600,73.1
2435,78.5
1297,61.0
2214,74.2
2068,69.4
646,57.2
1528,66.9
1267,66.4
1899,75.0
562,58.4
2734,73.7
189,68.1
1806,72.6
975,62.2
2747,71.5
2047,49.8
2558,50.9
1082,74.4
474,58.4
747,65.8
2300,70.3
21,68.8
459,71.0
1184,62.5
2324,82.3
955,66.9
1215,76.1
2433,74.1
1515,60.1
2391,79.5
769,52.9
1685,75.0
130,74.4
2135,62.0
1482,80.9
330,69.9
1238,71.6
466,78.6
2169,55.3
1638,64.6
1095,61.8
1130,70.8
1294,68.0
860,52.4
